id,name,model,type,total,majority,coalition,con,lab,ld,grn,ukip,pc,snp,ind,vacant,boundary,notes,url,last
406,"City of London",,,125,IND,IND,0,5,0,0,0,0,0,120,0,,,http://democracy.cityoflondon.gov.uk/mgMemberIndex.aspx?FN=PARTY&VW=LIST&PIC=0,2017-10-14
405,"Isles of Scilly",,,16,IND,IND,0,0,0,0,0,0,0,16,0,,,http://committees.scilly.gov.uk/mgMemberIndex.aspx?bcr=1,2017-11-10
1,Buckinghamshire,C1,LC,49,CON,CON,41,1,4,0,0,0,0,3,0,,,https://democracy.buckscc.gov.uk/mgMemberIndex.aspx?FN=GROUPING&VW=TABLE&PIC=1,2017-11-10
2,Cambridgeshire,C1,LC,61,CON,CON,36,7,15,0,0,0,0,3,0,,,https://cmis.cambridgeshire.gov.uk/ccc_live/Councillors/tabid/63/ScreenMode/Alphabetical/Default.aspx,2017-11-10
3,Cumbria,C1,LC,84,NOC,LAB/LD,37,26,16,0,0,0,0,5,0,,"2x West Cumbria Independent Group, 4x Independent Group, 2x Independents",http://councilportal.cumbria.gov.uk/mgMemberIndex.aspx?FN=PARTY&VW=LIST&PIC=0,2017-11-10
4,Derbyshire,C1,LC,64,CON,CON,37,24,3,0,0,0,0,0,0,,,http://www.derbyshire.gov.uk/council/councillors/,2017-11-10
5,Devon,C1,LC,60,CON,CON,42,7,7,1,0,0,0,3,0,,,http://democracy.devon.gov.uk/mgMemberIndex.aspx?FN=PARTY&VW=LIST&PIC=0,2017-11-10
6,Dorset,C1,LC,46,CON,CON,32,1,11,2,0,0,0,0,0,,,http://dorset.moderngov.co.uk/mgMemberIndex.aspx?FN=PARTY&VW=LIST&PIC=0,2017-11-10
7,"East Sussex",C1,LC,50,CON,CON,30,4,11,0,0,0,0,5,0,,,https://democracy.eastsussex.gov.uk/mgMemberIndex.aspx?FN=PARTY&VW=LIST&PIC=0,2017-11-10
8,Essex,C1,LC,75,CON,CON,56,6,7,1,0,0,0,5,0,,,http://cmis.essexcc.gov.uk/essexcmis5/Councillors/tabid/62/ScreenMode/Alphabetical/Default.aspx,2017-11-10
9,Gloucestershire,C1,LC,53,CON,CON,31,5,14,2,0,0,0,1,0,,"People Against Beaurocracy 1, Independent 1.",http://glostext.gloucestershire.gov.uk/mgMemberIndex.aspx?FN=PARTY&VW=LIST&PIC=0,2017-11-10
10,Hampshire,C1,LC,78,CON,CON,56,2,19,0,0,0,0,1,0,,,http://democracy.hants.gov.uk/mgMemberIndex.aspx?bcr=1,2017-11-10
11,Hertfordshire,C1,LC,78,CON,CON,50,9,18,0,0,0,0,0,1,,,https://cmis.hertfordshire.gov.uk/hertfordshire/CountyCouncillors/tabid/63/ScreenMode/Alphabetical/Default.aspx,2017-11-10
12,Kent,C1,LC,81,CON,CON,66,5,7,1,0,0,0,1,1,,,https://democracy.kent.gov.uk/mgMemberIndex.aspx?FN=WARD&VW=LIST&PIC=0,2017-11-10
13,Lancashire,C1,LC,84,CON,CON,42,30,4,1,1,0,0,4,2,,,http://council.lancashire.gov.uk/mgMemberIndex.aspx?FN=PARTY&VW=TABLE&PIC=1,2017-11-10
14,Leicestershire,C1,LC,55,CON,CON,36,6,13,0,0,0,0,0,0,,,http://politics.leics.gov.uk/mgMemberIndex.aspx?FN=PARTY&VW=LIST&PIC=0,2017-11-10
15,Lincolnshire,C1,LC,70,CON,CON,58,6,1,0,0,0,0,5,0,,,http://lincolnshire.moderngov.co.uk/mgMemberIndex.aspx?FN=PARTY&VW=LIST&PIC=0,2017-11-10
16,Norfolk,C1,LC,84,CON,CON,55,17,11,0,0,0,0,1,0,,,http://norfolkcc.cmis.uk.com/norfolkcc/Councillors/tabid/63/ScreenMode/Alphabetical/Default.aspx,2017-11-10
17,"North Yorkshire",C1,LC,72,CON,CON,55,4,3,0,0,0,0,10,0,,"NY Independents 9, Liberals 2, Independents 2",http://democracy.northyorks.gov.uk/Committees.aspx?councillors=1,2017-11-10
18,Northamptonshire,C1,LC,57,CON,CON,43,12,2,0,0,0,0,0,0,,,https://cmis.northamptonshire.gov.uk/cmis5live/Councillors/tabid/62/ScreenMode/Alphabetical/Default.aspx,2017-11-10
19,Nottinghamshire,C1,LC,66,NOC,CON/IND,31,23,1,0,0,0,0,11,0,,"Manual. 5 Ashfield Independents, 1 Independent, 3 Mansfield Independent Forum, 1 Selston Independent",http://www.nottinghamshire.gov.uk/council-and-democracy/councillors/contact-a-councillor,2017-11-13
20,Oxfordshire,C1,LC,63,NOC,CON/IND,31,14,13,0,0,0,0,5,0,,,http://mycouncil.oxfordshire.gov.uk/mgMemberIndex.aspx?FN=PARTY&VW=TABLE&PIC=1,2017-11-10
21,Somerset,C1,LC,55,CON,CON,35,3,12,2,0,0,0,3,0,,,http://www1.somerset.gov.uk/council/councillors.asp,2017-11-10
22,Staffordshire,C1,LC,62,CON,CON,50,10,0,0,0,0,0,1,1,,,http://moderngov.staffordshire.gov.uk/mgMemberIndex.aspx?FN=PARTY&VW=LIST&PIC=0,2017-11-14
23,Suffolk,C1,LC,75,CON,CON,52,11,5,3,0,0,0,4,0,,,http://www.suffolk.gov.uk/council-and-democracy/councillors-and-elected-representatives/find-your-councillor/?ward=&party=&name=&action=SEARCH,2017-11-10
24,Surrey,C1,LC,81,CON,CON,61,1,9,1,0,0,0,9,0,,"9 Residents Association, 8 LD & 1 GRN in Surrey Opposition Forum, 1 Independent",http://mycouncil.surreycc.gov.uk/mgMemberIndex.aspx?VW=TABLE&PIC1=&FN=,2017-11-10
25,Warwickshire,C1,LC,57,CON,CON,36,10,7,2,0,0,0,2,0,,,https://democratic.warwickshire.gov.uk/cmis5/Councillors.aspx,2017-11-10
26,"West Sussex",C1,LC,70,CON,CON,56,5,9,0,0,0,0,0,0,,,https://www.westsussex.gov.uk/location-directories/find-your-councillor/?Keyword=&Location=&politicalParty=,2017-11-10
27,Worcestershire,C1,LC,57,CON,CON,40,10,3,2,0,0,0,2,0,,,http://worcestershire.moderngov.co.uk/mgMemberIndex.aspx?FN=PARTY&VW=LIST&PIC=0,2017-11-10
28,Allerdale,D1,LC,56,NOC,LAB/IND,15,28,0,0,1,0,0,12,0,,,http://democracy.allerdale.gov.uk/mgMemberIndex.aspx?FN=PARTY&VW=LIST&PIC=0,2017-11-10
29,Arun,D1,LC,54,CON,CON,44,1,6,0,1,0,0,2,0,,,http://www1.arun.gov.uk/cgi-bin/aruncllrs.pl?ward=all,2017-11-13
30,Ashfield,D1,LC,35,LAB,LAB,3,22,0,0,0,0,0,10,0,,"Ashfield Independents 7, Selston Parish Independents 2, Independent 1",https://democracy.ashfield-dc.gov.uk/mgMemberIndex.aspx?FN=PARTY&VW=LIST&PIC=0,2017-11-10
31,Ashford,D1,LC,43,CON,CON,34,3,1,0,2,0,0,3,0,,"Ashford Independents 2, Independent 1",http://www.ashford.gov.uk/councillors-meetings-and-elections/councillors-and-meetings/councillors/find-my-councillor/?cslide_search_type=name&cslide_search_term=&cslide_search=Search&cslide_go=1,2017-11-10
32,"Aylesbury Vale",D1,LC,59,CON,CON,43,2,10,0,0,0,0,4,0,,,http://www.aylesburyvaledc.gov.uk/councillors/?scmOverrideRecord=21R0112Cmk,2017-11-10
33,Babergh,D1,AA,43,CON,CON,28,2,3,0,0,0,0,10,0,,"Jennie Jenkins CON ok",http://baberghmidsuffolk.moderngov.co.uk/mgMemberIndexGroup.aspx?bcr=1&g=bdcc&m=bdccw,2017-11-13
34,Barrow-in-Furness,D1,LC,36,LAB,LAB,9,26,0,0,0,0,0,1,0,,,http://www.barrowbc.gov.uk/about-the-council/councillors/borough-councillors/,2017-11-10
35,Bassetlaw,D1,LC,48,LAB,LAB,12,32,0,0,0,0,0,4,0,,,http://www.bassetlaw.gov.uk/everything-else/about-us/local-councillors/your-local-councillor.aspx,2017-11-10
36,Blaby,D1,LC,39,CON,CON,29,6,4,0,0,0,0,0,0,,,http://w3.blaby.gov.uk/decision-making/mgMemberIndex.aspx?FN=PARTY&VW=LIST&PIC=0,2017-11-10
37,Bolsover,D1,LC,37,LAB,LAB,0,32,0,0,0,0,0,5,0,,Manual,http://www.bolsover.gov.uk/index.php/your-council/committee-governance-constitution,2017-10-07
38,Boston,D1,LC,30,NOC,"CON min",15,2,0,0,7,0,0,6,0,,,http://moderngov.boston.gov.uk/mgMemberIndex.aspx?FN=PARTY&VW=LIST&PIC=0,2017-11-10
39,Braintree,D1,LC,49,CON,CON,43,3,0,1,0,0,0,2,0,,"Halstead Residents Association 2",http://braintree.cmis.uk.com/braintree/Councillors.aspx,2017-11-10
40,Breckland,D1,LC,49,CON,CON,40,3,0,0,4,0,0,2,0,,,http://democracy.breckland.gov.uk/mgMemberIndex.aspx?FN=PARTY&VW=LIST&PIC=0,2017-11-10
41,Broadland,D1,LC,47,CON,CON,42,0,5,0,0,0,0,0,0,,,https://www.broadland.gov.uk/councillors/name,2017-11-10
42,Bromsgrove,D1,LC,31,CON,CON,17,7,0,0,0,0,0,7,0,,"Independents 3, Wythall Residents Association 3",http://moderngovwebpublic.bromsgrove.gov.uk/mgMemberIndex.aspx?FN=PARTY&VW=LIST&PIC=0,2017-11-10
43,Broxtowe,D1,LC,44,CON,CON,27,12,4,0,0,0,0,1,0,,"Pat Lally ok. Mia Kee ok.",https://www.broxtowe.gov.uk/about-the-council/councillors-committees/your-councillor/councillors-a-z/,2017-11-13
44,Canterbury,D1,CO,39,CON,CON,30,4,3,0,2,0,0,0,0,,,http://democracy.canterbury.gov.uk/mgMemberIndex.aspx?bcr=1,2017-11-10
45,Charnwood,D1,LC,52,CON,CON,41,9,1,0,0,0,0,1,0,,,https://www.charnwood.gov.uk/councillors/all,2017-11-13
46,Chelmsford,D1,LC,57,CON,CON,52,0,5,0,0,0,0,0,0,,,https://www.chelmsford.gov.uk/your-council/councillors-and-decision-making/councillors/find-a-councillor/view-chelmsford-city-councillors/?cord=DESC&cid=50eeb79d-c47e-472c-a05d-49a3d5c8792b&p=1,2017-11-10
47,Chesterfield,D1,LC,48,LAB,LAB,0,37,9,0,1,0,0,1,0,,,http://chesterfield.moderngov.co.uk/mgMemberIndex.aspx?FN=PARTY&VW=LIST&PIC=0,2017-11-10
48,Chichester,D1,LC,48,CON,CON,41,0,4,0,0,0,0,3,0,,,http://chichester.moderngov.co.uk/mgMemberIndex.aspx?FN=PARTY&VW=LIST&PIC=0,2017-11-10
49,Chiltern,D1,LC,40,CON,CON,37,0,2,0,0,0,0,1,0,,,https://isa.chiltern.gov.uk/democracy/mgMemberIndex.aspx?FN=PARTY&VW=LIST&PIC=0,2017-11-17
50,Christchurch,D1,AA,24,CON,CON,21,0,0,0,1,0,0,2,0,,,http://www.dorsetforyou.com/councillors/christchurch,2017-11-10
51,"Copeland (M)",D1,MC,51,LAB,"IND Mayor",18,29,0,0,0,0,0,4,0,,,http://copeland.moderngov.co.uk/mgMemberIndex.aspx?VW=TABLE&PIC=1&FN=PARTY,2017-11-10
52,Corby,D1,AA,29,LAB,LAB,5,24,0,0,0,0,0,0,0,,,http://www.corby.gov.uk/home/council/council-democracy/councillors-information-advice/councillors,2017-11-10
53,Cotswold,D1,LC,34,CON,CON,22,0,12,0,0,0,0,0,0,,,http://www.cmis.cotswold.gov.uk/cmis5/People/tabid/62/ScreenMode/Alphabetical/Default.aspx,2017-11-24
54,Dacorum,D1,LC,51,CON,CON,44,2,4,0,0,0,0,1,0,,,https://democracy.dacorum.gov.uk/mgMemberIndex.aspx?FN=PARTY&VW=LIST&PIC=0,2017-11-10
55,Dartford,D1,LC,44,CON,CON,34,7,0,0,0,0,0,3,0,,"Swanscombe and Greenhithe Residents Association 3",http://committeedmz.dartford.gov.uk/mgMemberIndex.aspx?FN=PARTY&VW=LIST&PIC=0&J=1,2017-11-10
56,"Derbyshire Dales",D1,AA,39,CON,CON,29,5,3,0,0,0,0,2,0,,,http://www.derbyshiredales.gov.uk/your-council/councillors/by-ward,2017-11-10
57,Dover,D1,LC,45,CON,CON,25,18,0,0,2,0,0,0,0,,,http://moderngov.dover.gov.uk/mgMemberIndex.aspx?FN=PARTY&VW=LIST&PIC=0,2017-11-24
58,"East Cambridgeshire",D1,AA,39,CON,CON,35,0,3,0,0,0,0,1,0,"28 wards from 2019","28 wards from 2019",http://www.eastcambs.gov.uk/council-and-democracy/search-for-councillors,2017-11-10
59,"East Devon",D1,LC,59,CON,CON,35,0,7,0,0,0,0,17,0,,"Independent Group 15, Independent 1",http://eastdevon.gov.uk/council-and-democracy/councillors/,2017-11-10
60,"East Dorset",D1,AA,29,CON,CON,26,0,3,0,0,0,0,0,0,,,http://moderngoveddc.christchurchandeastdorset.gov.uk/mgMemberIndex.aspx?FN=PARTY&VW=LIST&PIC=0,2017-11-10
61,"East Hampshire",D1,LC,44,CON,CON,43,0,0,0,0,0,0,0,1,,,http://easthants.moderngov.co.uk/mgMemberIndex.aspx?FN=PARTY&VW=LIST&PIC=0,2017-11-10
62,"East Hertfordshire",D1,LC,50,CON,CON,48,0,0,0,0,0,0,2,0,,,http://democracy.eastherts.gov.uk/mgMemberIndex.aspx?FN=PARTY&VW=LIST&PIC=0,2017-11-10
63,"East Lindsey",D1,LC,55,CON,CON,35,4,1,0,5,0,0,10,0,,"Independent Group 8",https://democracy.e-lindsey.gov.uk/mgMemberIndex.aspx?FN=PARTY&VW=LIST&PIC=0,2017-11-10
64,"East Northamptonshire",D1,AA,40,CON,CON,35,1,0,0,0,0,0,3,1,,,http://www.east-northamptonshire.gov.uk/councillors/name,2017-11-16
65,"East Staffordshire",D1,LC,39,CON,CON,26,12,1,0,0,0,0,0,0,,,http://www.eaststaffsbc.gov.uk/council-democracy/councillors,2017-11-10
66,Eastbourne,D1,LC,27,LD,LD,8,0,18,0,0,0,0,1,0,,,http://democracy.eastbourne.gov.uk/mgMemberIndex.aspx?bcr=1,2017-11-13
67,Eastleigh,D1,LC,44,LD,LD,6,0,35,0,0,0,0,3,0,"39 wards from 2018","39 wards from 2018",http://www.eastleigh.gov.uk/meetings/mgMemberIndex.aspx?FN=PARTY&VW=LIST&PIC=0,2017-11-10
68,Eden,D1,LC,38,CON,CON,20,1,7,0,0,0,0,10,0,,,https://democracy.eden.gov.uk/mgMemberIndex.aspx?bcr=1,2017-11-17
69,"Epsom and Ewell",D1,AA,38,IND,IND,4,3,0,0,0,0,0,31,0,,"Residents Association 31",https://democracy.epsom-ewell.gov.uk/mgMemberIndex.aspx?bcr=1,2017-11-10
70,Erewash,D1,LC,47,CON,CON,30,17,0,0,0,0,0,0,0,,,http://moderngov.erewash.gov.uk/mgMemberIndex.aspx?bcr=1,2017-11-10
71,Fenland,D1,LC,39,CON,CON,34,0,2,0,0,0,0,3,0,,,http://www.fenland.gov.uk/egenda/main.pl?op=ListCurrentMembers,2017-11-10
72,"Forest Heath",D1,AA,27,CON,CON,20,0,0,0,3,0,0,4,0,,"West Suffolk Independents 4, Ind 1",https://democracy.westsuffolk.gov.uk/mgMemberIndexGroup.aspx?bcr=1&G=FHDC&M=DHDC,2017-11-10
73,"Forest of Dean",D1,LC,48,NOC,"CON min",20,9,0,2,5,0,0,12,0,,,http://meetings.fdean.gov.uk/mgMemberIndex.aspx?bcr=1,2017-11-10
74,Fylde,D1,LC,51,CON,CON,32,1,2,0,0,0,0,16,0,,"Ratepayers 1, Non-aligned 2, Independents 12",https://fylde.cmis.uk.com/fylde/CouncillorsandMP.aspx,2017-11-17
75,Gedling,D1,LC,41,LAB,LAB,15,25,1,0,0,0,0,0,0,,,https://democracy.gedling.gov.uk/mgMemberIndex.aspx?FN=PARTY&VW=LIST&PIC=0,2017-11-10
76,Gloucester,D1,LC,39,CON,CON,22,10,7,0,0,0,0,0,0,,,http://democracy.gloucester.gov.uk/mgFindMember.aspx?XXR=0&AC=USERSEARCH,2017-11-10
77,Gravesham,D1,LC,44,CON,CON,24,20,0,0,0,0,0,0,0,,,https://democracy.gravesham.gov.uk/mgMemberIndex.aspx?VW=TABLE&PIC=1&FN=PARTY,2017-11-10
78,Guildford,D1,LC,48,CON,CON,34,2,9,0,0,0,0,3,0,,"Guildford Greenbelt Group 3",http://www2.guildford.gov.uk/councilmeetings/mgMemberIndex.aspx?bcr=1,2017-11-10
79,Hambleton,D1,LC,28,CON,CON,27,0,0,0,1,0,0,0,0,,,http://democracy.hambleton.gov.uk/mgMemberIndex.aspx?FN=PARTY&VW=LIST&PIC=0,2017-11-10
80,Harborough,D1,LC,37,CON,CON,29,0,8,0,0,0,0,0,0,,,https://cmis.harborough.gov.uk/cmis5/Councillors.aspx,2017-11-13
81,Harrogate,D1,LC,54,CON,CON,37,0,10,0,0,0,0,7,0,,"Manual. Harrogate Independent Group 5, Independent Group 2",https://localdemocracy.harrogate.gov.uk/political.asp,2017-10-06
82,Hastings,D1,LC,32,LAB,LAB,8,23,0,0,0,0,0,1,0,,,http://hastings.moderngov.co.uk/mgMemberIndex.aspx?FN=PARTY&VW=LIST&PIC=0,2017-11-10
83,Hertsmere,D1,LC,39,CON,CON,35,3,0,0,0,0,0,0,1,,,http://www5.hertsmere.gov.uk/democracy/mgMemberIndex.aspx?FN=PARTY&VW=LIST&PIC=0,2017-11-21
84,"High Peak",D1,LC,43,CON,CON,23,17,2,0,0,0,0,1,0,,,https://democracy.highpeak.gov.uk/mgMemberIndexGroup.aspx?g=HPCLLRS&m=hpcllrs,2017-11-10
85,"Hinckley & Bosworth",D1,LC,34,CON,CON,21,1,12,0,0,0,0,0,0,,,http://moderngov.hinckley-bosworth.gov.uk/mgMemberIndex.aspx?FN=PARTY&VW=LIST&PIC=0,2017-11-10
86,Horsham,D1,LC,44,CON,CON,38,0,4,0,0,0,0,2,0,,,http://horsham.moderngov.co.uk/mgMemberIndex.aspx?FN=PARTY&VW=LIST&PIC=0,2017-11-10
87,Huntingdonshire,D1,LC,52,CON,CON,32,2,6,0,3,0,0,9,0,,"Independents 8, Independent Conservative 1",http://applications.huntingdonshire.gov.uk/moderngov/mgMemberIndex.aspx?FN=PARTY&VW=LIST&PIC=0,2017-11-10
88,Kettering,D1,LC,36,CON,CON,26,7,1,0,0,0,0,2,0,,,http://www.kettering.gov.uk/councillors/name,2017-11-10
89,"King's Lynn and West Norfolk",D1,LC,62,CON,CON,51,7,0,0,0,0,0,4,0,,,http://democracy.west-norfolk.gov.uk/mgMemberIndex.aspx?FN=PARTY&VW=LIST&PIC=0,2017-11-10
90,Lancaster,D1,LC,60,LAB,LAB,18,31,0,7,0,0,0,3,1,,"Morcambe Bay Independents 2, Free Independents 1, Independent 1",http://committeeadmin.lancaster.gov.uk/mgMemberIndex.aspx?FN=PARTY&VW=LIST&PIC=0,2017-11-10
91,Lewes,D1,LC,41,CON,CON,22,0,11,3,0,0,0,5,0,,,https://lewes.cmis.uk.com/CMIS5/,2017-11-10
92,Lichfield,D1,LC,47,CON,CON,42,4,1,0,0,0,0,0,0,,,https://www.lichfielddc.gov.uk/Council/Councillors/District-councillors/Find-my-councillor.aspx,2017-11-10
93,Maldon,D1,LC,31,CON,CON,27,0,0,0,0,0,0,4,0,,,https://democracy.maldon.gov.uk/mgFindMember.aspx?XXR=0&AC=USERSEARCH&sPC=Enter%20postcode,2017-11-10
94,"Malvern Hills",D1,LC,38,CON,CON,23,0,5,3,0,0,0,7,0,,,http://moderngov.malvernhills.gov.uk/mgMemberIndex.aspx?FN=PARTY&VW=LIST&PIC=0&J=3,2017-11-10
95,"Mansfield (M)",D1,MC,36,NOC,"IND Mayor",1,17,0,0,0,0,0,18,0,,"Mansfield Independent Forum 16, Indpendent 1",http://www.mansfield.gov.uk/cmadexternal/councillorslist.aspx,2017-11-10
96,Melton,D1,AA,28,CON,CON,26,1,0,0,0,0,0,1,0,,,http://www.melton.gov.uk/councillors/name,2017-11-10
97,Mendip,D1,LC,47,CON,CON,32,0,10,3,0,0,0,2,0,,,http://www.mendip.gov.uk/contactacouncillor,2017-11-10
98,"Mid Devon",D1,LC,42,CON,CON,29,0,5,0,1,0,0,7,0,,"Independents 5, Liberal Party 1",https://democracy.middevon.gov.uk/mgMemberIndex.aspx?FN=PARTY&VW=LIST&PIC=0,2017-11-10
99,"Mid Suffolk",D1,LC,40,CON,CON,29,0,4,6,0,0,0,1,0,,,http://baberghmidsuffolk.moderngov.co.uk/mgMemberIndexGroup.aspx?bcr=1&g=MSDCC&m=MSDCCW,2017-11-10
100,"Mid Sussex",D1,LC,54,CON,CON,53,0,1,0,0,0,0,0,0,,,http://mid-sussex.cmis.uk.com/Mid-Sussex/Councillors/FindMyCouncillorAlphabetically.aspx,2017-11-10
101,"New Forest",D1,LC,60,CON,CON,58,0,2,0,0,0,0,0,0,,,https://democracy.newforest.gov.uk/mgMemberIndex.aspx?FN=PARTY&VW=LIST&PIC=0,2017-11-10
102,"Newark & Sherwood",D1,LC,39,CON,CON,24,12,0,0,0,0,0,3,0,,,http://www.newark-sherwooddc.gov.uk/councillors/,2017-11-10
103,Newcastle-under-Lyme,D1,LC,60,NOC,"LAB min",22,24,3,0,1,0,0,8,2,,"Borough Independent Group 4, Newcastle Independent Group 2",http://moderngov.newcastle-staffs.gov.uk/mgMemberIndex.aspx?FN=PARTY&VW=LIST&PIC=0,2017-11-10
104,"North Devon",D1,LC,43,NOC,"CON min",18,0,13,0,0,0,0,11,1,,,http://www.northdevon.gov.uk/council/councillors-and-committees/councillors/,2017-11-13
105,"North Dorset",D1,LC,33,CON,CON,29,0,3,0,0,0,0,1,0,,,http://moderngovdcp.dorsetforyou.gov.uk/mgMemberIndexGroup.aspx?g=NDDC&m=NDDC,2017-11-10
106,"North East Derbyshire",D1,LC,53,LAB,LAB,18,33,1,0,0,0,0,1,0,,Manual,http://www.ne-derbyshire.gov.uk/,2017-10-05
107,"North Kesteven",D1,LC,43,CON,CON,28,0,0,0,0,0,0,15,0,,"Lincolnshire Independents NK 8, Hykeham Independents 2, Skellingthorpe Independent Group 2, Independent 1, NK Independent 1",https://nkdc.moderngov.co.uk/mgMemberIndex.aspx?FN=PARTY&VW=LIST&PIC=0,2017-11-10
108,"North Norfolk",D1,LC,48,NOC,"CON min",24,0,17,0,0,0,0,7,0,,,http://www.north-norfolk.gov.uk/apps/councillors/byname.asp,2017-11-10
109,"North Warwickshire",D1,AA,35,CON,CON,21,13,0,0,0,0,0,1,0,,"Symonds con ok",https://www.northwarks.gov.uk/councillors/name,2017-11-10
110,"North West Leicestershire",D1,LC,38,CON,CON,25,9,1,0,0,0,0,3,0,,"Susan McKendrick LAB->IND",http://minutes-1.nwleics.gov.uk/mgMemberIndex.aspx?FN=PARTY&VW=LIST&PIC=0,2017-11-10
111,Northampton,D1,LC,45,CON,CON,25,17,3,0,0,0,0,0,0,,,http://www.northamptonboroughcouncil.com/councillors/mgMemberIndex.asp?FN=PARTY&VW=LIST&PIC=0,2017-11-10
112,"Oadby & Wigston",D1,AA,26,LD,LD,5,0,20,0,0,0,0,1,0,,,http://moderngov.oadby-wigston.gov.uk/mgMemberIndex.aspx?FN=PARTY&VW=LIST&PIC=0,2017-11-10
113,Purbeck,D1,AA,25,CON,CON,20,0,4,0,0,0,0,1,0,,,https://www.dorsetforyou.com/politicalcomposition/purbeck,2017-11-10
114,"Ribble Valley",D1,AA,40,CON,CON,35,1,4,0,0,0,0,0,0,,,https://www.ribblevalley.gov.uk/councillors/name,2017-11-10
115,Richmondshire,D1,LC,34,CON,CON,22,0,1,0,0,0,0,10,1,,"Independents 5, Richmondshire Independents 5, Independent 1",http://www.richmondshire.gov.uk/council-democracy/councillors-committees/councillors-information,2017-11-10
116,Rother,D1,LC,38,CON,CON,31,0,3,0,0,0,0,4,0,,"Association of Independents 3, Independent 2",http://www.rother.gov.uk/index.cfm?articleid=179,2017-11-10
117,Rushcliffe,D1,LC,44,CON,CON,34,4,2,2,0,0,0,2,0,,,http://www.rushcliffe.gov.uk/councillors/councillorsbyname/,2017-11-10
118,Ryedale,D1,AA,30,NOC,"CON min",13,0,2,0,0,0,0,15,0,,"Independents 8, Liberal Party 4, Independent Group 3",http://democracy.ryedale.gov.uk/mgMemberIndex.aspx?FN=PARTY&VW=LIST&PIC=0,2017-11-10
119,Scarborough,D1,LC,50,CON,CON,26,13,0,2,0,0,0,9,0,,,http://democracy.scarborough.gov.uk/mgMemberIndex.aspx?FN=PARTY&VW=LIST&PIC=0,2017-11-10
120,Sedgemoor,D1,LC,48,CON,CON,35,10,1,0,2,0,0,0,0,,,http://www.sedgemoor.gov.uk/councillors,2017-11-10
121,Selby,D1,LC,31,CON,CON,22,7,0,0,0,0,0,2,0,,,http://www.selby.gov.uk/councillors,2017-11-10
122,Sevenoaks,D1,LC,54,CON,CON,48,1,2,0,2,0,0,1,0,,"54 total checked",http://cds.sevenoaks.gov.uk/mgMemberIndex.aspx?bcr=1,2017-11-10
123,Shepway,D1,LC,30,CON,CON,23,0,0,0,6,0,0,1,0,,,http://www.shepway.gov.uk/moderngov/mgMemberIndex.aspx?bcr=1,2017-11-10
124,"South Bucks",D1,LC,28,CON,CON,27,0,0,0,0,0,0,1,0,,,http://sbdc-spider2.southbucks.gov.uk/democracy/mgMemberIndex.aspx?bcr=1,2017-11-13
125,"South Cambridgeshire",D1,LC,57,CON,CON,36,1,14,0,0,0,0,6,0,,"Independent Group 5, Independent 1",http://scambs.moderngov.co.uk/mgMemberIndex.aspx?FN=PARTY&VW=LIST&PIC=0,2017-11-10
126,"South Derbyshire",D1,AA,36,CON,CON,24,12,0,0,0,0,0,0,0,,,http://south-derbys.cmis.uk.com/south-derbys/Councillors.aspx,2017-11-10
127,"South Hams",D1,LC,31,CON,CON,24,0,5,2,0,0,0,0,0,,,https://www.southhams.gov.uk/councillorsSH,2017-11-10
128,"South Holland",D1,LC,37,CON,CON,28,0,0,0,2,0,0,7,0,,,https://democracy.sholland.gov.uk/mgMemberIndex.aspx?bcr=1,2017-11-17
129,"South Kesteven",D1,LC,56,CON,CON,42,3,0,0,0,0,0,11,0,,"SKDC Independents 4, Unaligned 1",http://moderngov.southkesteven.gov.uk/mgMemberIndex.aspx?FN=PARTY&VW=LIST&PIC=0&J=1,2017-11-10
130,"South Lakeland",D1,LC,51,LD,LD,16,2,32,0,0,0,0,1,0,,,http://democracy.southlakeland.gov.uk/mgMemberIndex.aspx?bcr=1,2017-11-10
131,"South Norfolk",D1,LC,46,CON,CON,40,0,6,0,0,0,0,0,0,,"Manual (AJAX)",http://www.south-norfolk.gov.uk/your-councillors,2017-10-05
132,"South Northamptonshire",D1,LC,42,CON,CON,35,0,4,0,0,0,0,3,0,,,http://modgov.southnorthants.gov.uk/mgFindMember.aspx?XXR=0&AC=USERSEARCH,2017-11-10
133,"South Oxfordshire",D1,LC,36,CON,CON,33,1,1,0,0,0,0,1,0,,"Henley Residents 1",http://democratic.southoxon.gov.uk/mgMemberIndex.aspx?FN=PARTY&VW=LIST&PIC=0,2017-11-10
134,"South Ribble",D1,LC,50,CON,CON,28,18,3,0,0,0,0,1,0,,"Independent Conservative",http://egenda.southribble.gov.uk/akssribble/users/public/admin/main.pl?op=ListCurrentMembers,2017-11-10
135,"South Somerset",D1,LC,60,NOC,"LD min",26,0,30,0,0,0,0,4,0,,,http://www.southsomerset.gov.uk/councillors-and-democracy/councillors/,2017-11-10
136,"South Staffordshire",D1,LC,49,CON,CON,42,1,0,0,1,0,0,4,1,,"Roy Wright OK",https://services.sstaffs.gov.uk/cmis/Councillors.aspx,2017-11-14
137,Spelthorne,D1,LC,39,CON,CON,31,1,3,0,0,0,0,4,0,,,http://democracy.spelthorne.gov.uk/mgMemberIndex.aspx?bcr=1,2017-11-10
138,"St Edmundsbury",D1,LC,45,CON,CON,34,2,0,1,3,0,0,5,0,,,https://democracy.westsuffolk.gov.uk/mgMemberIndexGroup.aspx?bcr=1&G=SEBC&M=DHDC,2017-11-10
407,Stafford,D1,LC,40,CON,CON,30,7,0,0,0,0,0,3,0,,,http://www.staffordbc.gov.uk/DemServCouncillors,2017-11-10
139,"Staffordshire Moorlands",D1,LC,56,CON,CON,34,8,2,0,2,0,0,10,0,,"Independents 8, Moorlands Democratic Alliance 2, Non-aligned 1",https://democracy.staffsmoorlands.gov.uk/mgMemberIndexGroup.aspx?g=smcllrs&m=smcllrs,2017-11-10
140,Stratford-on-Avon,D1,LC,36,CON,CON,29,1,4,0,0,0,0,2,0,,,https://democracy.stratford.gov.uk/mgMemberIndex.aspx?bcr=1,2017-11-10
141,"Suffolk Coastal",D1,LC,42,CON,CON,37,1,2,0,0,0,0,2,0,,,http://www.eastsuffolk.gov.uk/yourcouncil/councillors/suffolk-coastal-district-councillors/,2017-11-10
142,"Surrey Heath",D1,LC,40,CON,CON,36,1,1,0,0,0,0,2,0,,,http://surreyheath.moderngov.co.uk/mgMemberIndex.aspx?bcr=1,2017-11-10
143,Swale,D1,LC,47,CON,CON,32,5,0,0,8,0,0,2,0,,,http://services.swale.gov.uk/meetings/mgMemberIndex.aspx?bcr=1,2017-11-10
144,"Taunton Deane",D1,LC,56,CON,CON,33,2,15,0,1,0,0,5,0,,,http://www2.tauntondeane.gov.uk/webpages/tdbcagendas/allmembers.aspx,2017-11-10
145,Teignbridge,D1,LC,46,CON,CON,26,0,15,0,0,0,0,5,0,,,https://www.teignbridge.gov.uk/council-and-democracy/district-councillors/teignbridge-councillors/,2017-11-10
146,Tendring,D1,LC,60,CON,CON/IND,32,4,1,0,8,0,0,15,0,,"Holland-on-Sea Residents Association 3, Tendring First 1, Independents 6, English Democrats 1 (Alex Porter)",http://tdcdemocracy.tendringdc.gov.uk/mgMemberIndex.aspx?bcr=1,2017-11-10
147,"Test Valley",D1,LC,48,CON,CON,38,0,9,0,0,0,0,1,0,,,http://testvalley.cmis.uk.com/testvalleypublic/ElectedRepresentatives/tabid/63/ScreenMode/Alphabetical/Default.aspx#MemberSectionA,2017-11-10
148,Tewkesbury,D1,LC,38,CON,CON,33,0,2,0,0,0,0,3,0,,,http://minutes.tewkesbury.gov.uk/mgMemberIndex.aspx?FN=PARTY&VW=LIST&PIC=0&J=1,2017-11-10
149,Thanet,D1,LC,56,NOC,"UKIP min",20,6,0,0,25,0,0,4,1,,"Democratic Independent 2, Independent 1",http://democracy.thanet.gov.uk/mgMemberIndex.aspx?bcr=1,2017-11-10
150,"Tonbridge & Malling",D1,LC,54,CON,CON,48,0,4,0,0,0,0,2,0,,,https://democracy.tmbc.gov.uk/mgMemberIndex.aspx?bcr=1,2017-11-10
151,Torridge,D1,AA,36,CON,CON,18,1,2,2,4,0,0,7,2,,,https://democracy.torridge.gov.uk/mgMemberIndex.aspx?FN=PARTY&VW=LIST&PIC=0,2017-11-10
152,Uttlesford,D1,LC,39,CON,CON,24,0,4,0,0,0,0,11,0,,"Residents for Uttlesford 9, Independent 1",https://uttlesford.cmis.uk.com/uttlesford/Councillors/tabid/62/ScreenMode/Alphabetical/Default.aspx,2017-11-10
153,"Vale of White Horse",D1,LC,38,CON,CON,29,0,9,0,0,0,0,0,0,,,http://democratic.whitehorsedc.gov.uk/mgMemberIndex.aspx?FN=PARTY&VW=LIST&PIC=0,2017-11-10
154,Warwick,D1,LC,46,CON,CON,31,9,2,1,0,0,0,3,0,,"CON defended Myton & Heathcote 1 Dec, Whitnash Residents Association 3. CON hold 16-12-01",https://estates4.warwickdc.gov.uk/cmis/CouncillorsAtoZ/tabid/39/ScreenMode/Ward/Default.aspx,2017-11-10
155,Waveney,D1,LC,48,CON,CON,28,16,0,1,0,0,0,3,0,,,http://www.eastsuffolk.gov.uk/yourcouncil/councillors/waveney-district-councillors/,2017-11-17
156,Waverley,D1,LC,57,CON,CON,50,0,0,0,0,0,0,6,1,,"Farnham Residents 5, Independent 1",https://modgov.waverley.gov.uk/mgMemberIndex.aspx?FN=PARTY&VW=LIST&PIC=0,2017-11-13
157,Wealden,D1,LC,55,CON,CON,49,0,0,0,0,0,0,6,0,"45 wards from 2019","45 wards from May 2019. Independent Democrats 4, Independent 1",http://council.wealden.gov.uk/mgFindMember.aspx?XXR=0&AC=USERSEARCH,2017-11-10
158,Wellingborough,D1,AA,36,CON,CON,27,9,0,0,0,0,0,0,0,,,http://www.wellingborough.gov.uk/councillors/name,2017-11-10
159,"West Devon",D1,AA,31,CON,CON,21,0,0,0,0,0,0,10,0,,,https://www.westdevon.gov.uk/councillorsWD,2017-11-10
404,"West Dorset",D1,LC,42,CON,CON,29,0,12,0,0,0,0,1,0,,,https://www.dorsetforyou.gov.uk/councillors/west,2017-11-10
160,"West Lindsey",D1,AA,36,CON,CON,24,3,7,0,0,0,0,2,0,,"Independent 1, Lincolnshire Independent 1",https://www.west-lindsey.gov.uk/my-council/my-councillors/councillor-pages-and-declaration-of-interests/,2017-11-17
161,"West Somerset",D1,LC,28,CON,CON,20,1,1,0,3,0,0,3,0,,,http://www.westsomersetonline.gov.uk/Council---Democracy/Councillors/Find-a-Councillor,2017-11-10
162,Wychavon,D1,LC,45,CON,CON,40,0,5,0,0,0,0,0,0,,,http://mgov.wychavon.gov.uk/modern.gov/mgFindMember.aspx?XXR=0&AC=USERSEARCH,2017-11-10
163,Wycombe,D1,LC,60,CON,CON,49,6,1,0,0,0,0,4,0,,,https://councillors.wycombe.gov.uk/mgMemberIndex.aspx?bcr=1,2017-11-10
164,Wyre,D1,LC,50,CON,CON,35,13,0,0,0,0,0,1,1,,,http://www.wyre.gov.uk/councillors/name,2017-11-10
165,Adur,D2,LC,29,CON,CON,16,4,0,0,6,0,0,3,0,,,https://www.adur-worthing.gov.uk/councillors-and-mps/councillors-adur/,2017-11-10
166,Cheltenham,D2,LC,40,LD,LD,7,0,29,0,0,0,0,4,0,,"People Against Bureaucracy Action Group 3, Independent 1",https://democracy.cheltenham.gov.uk/mgMemberIndex.aspx?FN=PARTY&VW=LIST&PIC=0,2017-11-10
189,Fareham,D2,LC,31,CON,CON,24,0,5,0,1,0,0,1,0,,,http://moderngov.fareham.gov.uk/mgMemberIndex.aspx?FN=PARTY&VW=TABLE&PIC=1,2017-11-10
167,Gosport,D2,AA,34,CON,CON,21,3,9,0,0,0,0,0,1,,,https://www.gosport.gov.uk/sections/democratic-services/councillor-details/,2017-11-10
168,"Nuneaton & Bedworth",D2,LC,34,LAB,LAB,8,24,0,2,0,0,0,0,0,,,https://www.nuneatonandbedworth.gov.uk/councillors/name,2017-11-10
169,Oxford,D2,LC,48,LAB,LAB,0,35,8,4,0,0,0,1,0,,,http://mycouncil.oxford.gov.uk/mgMemberIndex.aspx?bcr=1,2017-11-10
170,"Amber Valley",D3,LC,45,CON,CON,23,22,0,0,0,0,0,0,0,,Manual,"http://www.ambervalley.gov.uk/council-and-democracy/councillors,-democracy-and-elections/borough-councillor-lookup.aspx",2017-10-05
171,Basildon,D3,LC,42,NOC,UKI/LAB/IND,19,9,0,0,10,0,0,4,0,,"Wickford Independents 2, Independentce from the EU 2",http://www.basildonmeetings.info/mgMemberIndex.aspx?FN=PARTY&VW=LIST&PIC=0,2017-11-10
172,"Basingstoke & Deane",D3,LC,60,CON,CON,33,20,6,0,0,0,0,1,0,,"Independent Forum 2",https://democracy.basingstoke.gov.uk/mgMemberIndex.aspx?bcr=1,2017-11-10
173,Brentwood,D3,AA,37,CON,CON,24,2,10,0,0,0,0,1,0,,Manual,http://brentwood.moderngov.co.uk/mgMemberIndex.aspx?VW=TABLE&PIC=1&FN=ALPHA,2017-10-05
174,Broxbourne,D3,LC,30,CON,CON,27,2,0,0,1,0,0,0,0,,,http://www.broxbourne.gov.uk/council-councillors/councillors,2017-11-10
175,Burnley,D3,LC,45,LAB,LAB,4,27,6,0,1,0,0,7,0,,,http://www.burnley.gov.uk/about-council/your-councillors-executive/your-councillor,2017-11-15
176,Cambridge,D3,LC,42,LAB,LAB,0,26,13,1,0,0,0,2,0,,,http://democracy.cambridge.gov.uk/mgMemberIndex.aspx?bcr=1,2017-11-10
177,"Cannock Chase",D3,LC,41,LAB,LAB,13,21,1,2,1,0,0,3,0,,,http://www.cannockchasedc.gov.uk/council/about-council/your-councillors,2017-11-10
178,Carlisle,D3,LC,52,NOC,"LAB min",21,26,1,0,0,0,0,4,0,,,http://cmis.carlisle.gov.uk/cmis/CarlisleCityCouncillors/tabid/62/ScreenMode/Alphabetical/Default.aspx,2017-11-10
179,"Castle Point",D3,LC,41,CON,CON,23,0,0,0,2,0,0,16,0,,,https://www.castlepoint.gov.uk/councillors,2017-11-10
180,Cherwell,D3,LC,48,CON,CON,38,8,0,0,0,0,0,2,0,,,http://modgov.cherwell.gov.uk/mgMemberIndex.aspx?FN=PARTY&VW=LIST&PIC=0,2017-11-10
181,Chorley,D3,LC,47,LAB,LAB,14,30,0,0,0,0,0,3,0,,"National Health Action Party 1, Independent Group 2",https://democracy.chorley.gov.uk/mgMemberIndex.aspx?FN=PARTY&VW=LIST&PIC=0,2017-11-10
182,Colchester,D3,LC,51,NOC,LD/LAB/IND,23,11,14,0,0,0,0,3,0,,"Highwoods and Stanway Independent Group 3",http://colchester.cmis.uk.com/colchester/Councillors.aspx,2017-11-10
183,Craven,D3,AA,30,CON,CON,17,3,1,1,1,0,0,7,0,,,http://www.cravendc.gov.uk/article/387/List-of-Councillors/,2017-11-10
184,Crawley,D3,LC,37,LAB,LAB,17,19,0,0,0,0,0,0,1,,,http://www.crawley.gov.uk/pw/Council_Services_and_Democracy/Councillors__MPs_and_Mayor/WardCouncillors/index.htm,2017-11-10
185,Daventry,D3,AA,36,CON,CON,30,3,1,0,2,0,0,0,0,,,http://cmis.daventrydc.gov.uk/daventry/Councillors/tabid/63/ScreenMode/Alphabetical/Default.aspx,2017-11-10
186,Elmbridge,D3,LC,48,NOC,IND/LD,21,0,8,0,0,0,0,19,0,,"Manual. Molesey Residents 6, Thames Ditton & Weston Green Residents' Association 4, The Walton Society 3, Hersham Village Society 2, Hinchley Wood Residents' Association 2, Esher Residents Association 1, Weybridge & St. George's Independents 1",http://mygov.elmbridge.gov.uk/mgMemberIndex.aspx?FN=ALPHA,2017-11-14
187,"Epping Forest",D3,LC,58,CON,CON,35,0,3,2,1,0,0,17,0,,"Loughton Residents Association 13, Independent 3",http://rds.eppingforestdc.gov.uk/mgMemberIndex.aspx?FN=PARTY&VW=LIST&PIC=0,2017-11-10
188,Exeter,D3,LC,39,LAB,LAB,8,27,1,1,0,0,0,1,1,,,http://committees.exeter.gov.uk/mgMemberIndex.aspx?FN=PARTY&VW=LIST&PIC=0,2017-11-10
190,"Great Yarmouth",D3,LC,39,CON,CON,21,11,0,0,5,0,0,2,0,,,https://great-yarmouth.cmis.uk.com/great-yarmouth/Councillors/tabid/63/ScreenMode/Alphabetical/Default.aspx,2017-11-10
191,Harlow,D3,AA,33,LAB,LAB,12,19,0,0,2,0,0,0,0,,,http://moderngov.harlow.gov.uk/mgMemberIndex.aspx?bcr=1,2017-11-10
192,Hart,D3,LC,33,NOC,IND/LD,14,0,8,0,0,0,0,11,0,,"Community Campaign Hart 10, Independent 1",http://www.hart.gov.uk/district-councillors,2017-11-10
193,Havant,D3,LC,38,CON,CON,29,2,1,0,4,0,0,2,0,,,http://havant.moderngov.co.uk/mgMemberIndex.aspx?VW=TABLE&PIC=1&FN=PARTY,2017-11-10
194,Hyndburn,D3,LC,35,LAB,LAB,7,26,0,0,0,0,0,1,1,,,https://democracy.hyndburnbc.gov.uk/mgMemberIndex.aspx?FN=PARTY&VW=LIST&PIC=0,2017-11-13
195,Ipswich,D3,LC,48,LAB,LAB,13,33,2,0,0,0,0,0,0,,,https://democracy.ipswich.gov.uk/mgMemberIndex.aspx?bcr=1,2017-11-10
196,Lincoln,D3,LC,33,LAB,LAB,6,26,0,0,0,0,0,1,0,,,http://democratic.lincoln.gov.uk/mgMemberIndex.aspx?FN=PARTY&VW=LIST&PIC=0,2017-11-10
197,Maidstone,D3,LC,55,NOC,"LD min",22,2,22,0,4,0,0,4,1,,,https://services.maidstone.gov.uk/meetings/mgMemberIndex.aspx?bcr=1,2017-11-13
198,"Mole Valley",D3,LC,41,CON,CON,21,0,13,0,0,0,0,7,0,,"Beare Green Independents 1",http://www.molevalley.gov.uk/index.cfm?articleid=17184,2017-11-10
199,"North Hertfordshire",D3,LC,49,CON,CON,34,12,3,0,0,0,0,0,0,,,http://web.north-herts.gov.uk/aksnherts/users/public/admin/main.pl?op=ListCurrentMembers,2017-11-10
200,Norwich,D3,LC,39,LAB,LAB,0,26,3,10,0,0,0,0,0,,,https://cmis.norwich.gov.uk/live/Councillors.aspx,2017-11-10
201,Pendle,D3,LC,49,NOC,LAB/LD,23,15,9,0,0,0,0,2,0,,"BNP 1",http://www.pendle.gov.uk/councillors/name,2017-11-10
202,Preston,D3,LC,57,LAB,LAB,19,33,5,0,0,0,0,0,0,,,http://preston.moderngov.co.uk/mgMemberIndex.aspx?FN=PARTY&VW=LIST&PIC=0,2017-11-10
203,Redditch,D3,LC,29,LAB,LAB,13,15,0,0,1,0,0,0,0,,,http://moderngovwebpublic.redditchbc.gov.uk/mgMemberIndex.aspx?bcr=1,2017-11-10
204,"Reigate & Banstead",D3,LC,51,CON,CON,40,0,2,2,0,0,0,7,0,,"Residents' Associations 6, Independent 1",https://democracy.reigate-banstead.gov.uk/aksreigate/users/public/admin/main.pl?op=ListCurrentMembers,2017-11-10
205,Rochford,D3,LC,39,CON,CON,21,0,3,3,4,0,0,7,1,,"Rochford District Residents 6, Rayleigh Independent 1",https://rochford.cmis.uk.com/rochford/Members/tabid/62/ScreenMode/Alphabetical/Default.aspx,2017-11-10
206,Rossendale,D3,LC,36,LAB,LAB,12,22,0,0,0,0,0,2,0,,"Community First 1",http://www.rossendale.gov.uk/councillors/name,2017-11-10
207,Rugby,D3,LC,42,CON,CON,23,9,8,0,0,0,0,2,0,,,https://www.rugby.gov.uk/councillors/name,2017-11-10
208,Runnymede,D3,AA,42,CON,CON,36,0,0,0,0,0,0,6,0,,"Runnymede Independent Residents Group 6",https://www.runnymede.gov.uk/article/4744/Councillors,2017-11-10
209,Rushmoor,D3,LC,39,CON,CON,26,11,0,0,2,0,0,0,0,,,http://www.rushmoor.gov.uk/councillors,2017-11-10
210,"St Albans",D3,LC,58,CON,CON,31,7,17,1,0,0,0,2,0,,,http://stalbans.moderngov.co.uk/mgMemberIndex.aspx?FN=PARTY&VW=LIST&PIC=0,2017-11-10
211,Stevenage,D3,LC,39,LAB,LAB,9,27,3,0,0,0,0,0,0,,,http://www.stevenage.gov.uk/about-the-council/councillors-and-democracy/local-councillors/,2017-11-24
212,Stroud,D3,LC,51,NOC,LAB/GRN/LD,22,18,2,8,0,0,0,1,0,,"Studdert Non aligned CON (IND)",https://www.stroud.gov.uk/council-and-democracy/your-councillors/your-councillors-by-name,2017-11-24
213,Tamworth,D3,LC,30,CON,CON,20,7,0,0,3,0,0,0,0,,,http://democracy.tamworth.gov.uk/mgFindMember.aspx?XXR=0&AC=USERSEARCH&,2017-11-10
214,Tandridge,D3,AA,42,CON,CON,30,0,5,0,0,0,0,6,1,,"Independent 4, Oxted and Limpsfield Residents Group 2",http://www.councillors.tandridge.gov.uk/cmis5/Councillors/tabid/62/ScreenMode/Alphabetical/Default.aspx,2017-11-10
215,"Three Rivers",D3,LC,39,LD,LD,15,3,21,0,0,0,0,0,0,,"Williams LD ok",http://www.threerivers.gov.uk/egcl-page/ward-councillors,2017-10-19
216,"Tunbridge Wells",D3,LC,48,CON,CON,43,2,3,0,0,0,0,0,0,,,http://democracy.tunbridgewells.gov.uk/mgMemberIndex.aspx?bcr=1,2017-11-10
217,Watford,D3,MC,36,LD,LD,0,11,25,0,0,0,0,0,0,,,http://watford.moderngov.co.uk/mgMemberIndex.aspx?FN=PARTY&VW=LIST&PIC=0,2017-11-10
218,"Welwyn Hatfield",D3,LC,48,CON,CON,27,16,4,0,0,0,0,0,1,,"TMlyons ok (still listed as vacant)",http://www.welhat.gov.uk/members,2017-11-10
219,"West Lancashire",D3,LC,54,LAB,LAB,21,31,0,0,0,0,0,2,0,,"Our West Lancashire 2",https://democracy.westlancs.gov.uk/mgMemberIndex.aspx?bcr=1,2017-11-10
220,"West Oxfordshire",D3,LC,49,CON,CON,40,4,5,0,0,0,0,0,0,,,http://cmis.westoxon.gov.uk/cmis/Councillors.aspx,2017-11-10
221,"Weymouth & Portland",D3,AA,36,NOC,CON/LAB/LD/GRN/IND/U,14,12,5,2,1,0,0,2,0,,,http://moderngovdcp.dorsetforyou.gov.uk/mgMemberIndexGroup.aspx?g=WPBC&m=WPBC,2017-11-10
222,Winchester,D3,LC,45,CON,CON,24,0,20,0,0,0,0,1,0,,"James Byrnes ok",http://www.winchester.gov.uk/meetings/councillors?page=2,2017-11-14
223,Woking,D3,LC,30,CON,CON,17,3,7,0,0,0,0,3,0,,,https://www.woking.gov.uk/council/councillors2,2017-11-10
224,Worcester,D3,LC,35,NOC,CON/LAB/GRN,17,16,0,2,0,0,0,0,0,,,http://committee.cityofworcester.gov.uk/mgMemberIndex.aspx?FN=PARTY&VW=LIST&PIC=0,2017-11-10
225,Worthing,D3,LC,37,CON,CON,30,1,2,1,2,0,0,1,0,,,https://www.adur-worthing.gov.uk/councillors-and-mps/councillors-worthing/,2017-11-10
226,"Wyre Forest",D3,LC,33,CON,CON,21,4,2,0,0,0,0,6,0,,"Independents 3, Health Concern 2",http://www.wyreforestdc.gov.uk/the-council/councillors-committees-and-meetings/your-district-councillor.aspx,2017-11-10
227,"Barking & Dagenham",L1,LC,51,LAB,LAB,0,49,0,0,0,0,0,2,0,,,https://modgov.lbbd.gov.uk/Internet/mgMemberIndex.aspx,2017-11-14
228,Barnet,L1,LC,63,CON,CON,32,30,1,0,0,0,0,0,0,,,https://barnet.moderngov.co.uk/mgMemberIndex.aspx?bcr=1,2017-11-10
229,Bexley,L1,LC,63,CON,CON,45,15,0,0,3,0,0,0,0,,,http://democracy.bexley.gov.uk/mgMemberIndex.aspx?FN=PARTY&VW=LIST&PIC=0,2017-11-10
230,Brent,L1,LC,63,LAB,LAB,6,56,0,0,0,0,0,1,0,,"Brondesbury Park Conservative 3",http://democracy.brent.gov.uk/mgMemberIndex.aspx?FN=PARTY&VW=LIST&PIC=0,2017-11-13
231,Bromley,L1,LC,60,CON,CON,51,7,0,0,2,0,0,0,0,,,http://cds.bromley.gov.uk/mgMemberIndex.aspx?FN=PARTY&VW=LIST&PIC=0,2017-11-10
232,Camden,L1,LC,54,LAB,LAB,11,39,1,1,0,0,0,2,0,,,http://democracy.camden.gov.uk/mgMemberIndex.aspx?FN=PARTY&VW=LIST&PIC=0,2017-11-10
233,Croydon,L1,LC,70,LAB,LAB,29,39,0,0,0,0,0,1,1,,,https://www.croydon.gov.uk/democracy/elected/allcouncillors,2017-11-10
234,Ealing,L1,LC,69,LAB,LAB,12,53,4,0,0,0,0,0,0,,,http://ealing.cmis.uk.com/ealing/Councillors.aspx,2017-11-10
235,Enfield,L1,LC,63,LAB,LAB,22,39,0,0,0,0,0,1,1,,"Daniel Anderson ok.",https://governance.enfield.gov.uk/mgMemberIndex.aspx?FN=PARTY&VW=LIST&PIC=0,2017-11-10
236,Greenwich,L1,LC,51,LAB,LAB,9,42,0,0,0,0,0,0,0,,,http://www.royalgreenwich.gov.uk/info/200033/councillors_democracy_and_elections/598/find_your_councillor,2017-11-10
237,"Hackney (M)",L1,MC,57,LAB,"LAB Mayor",4,50,3,0,0,0,0,0,0,,,http://mginternet.hackney.gov.uk/mgMemberIndex.aspx?FN=PARTY&VW=LIST&PIC=0,2017-11-10
238,"Hammersmith & Fulham",L1,LC,46,LAB,LAB,20,26,0,0,0,0,0,0,0,,,http://democracy.lbhf.gov.uk/mgMemberIndex.aspx?bcr=1,2017-11-10
239,Haringey,L1,LC,57,LAB,LAB,0,49,8,0,0,0,0,0,0,,,http://www.minutes.haringey.gov.uk/mgMemberIndex.aspx?FN=PARTY&VW=LIST&PIC=0,2017-11-10
240,Harrow,L1,LC,63,LAB,LAB,27,32,1,0,0,0,0,3,0,,,http://www.harrow.gov.uk/www2/mgMemberIndex.aspx?FN=PARTY&VW=LIST&PIC=0&J=1,2017-11-10
241,Havering,L1,LC,54,NOC,CON/IND,22,2,0,0,6,0,0,24,0,,"Residents' Group 11, East Havering Residents' Group (in governing coalition) 8, Independent Residents 5",http://democracy.havering.gov.uk/mgMemberIndex.aspx?bcr=1,2017-11-10
242,Hillingdon,L1,LC,65,CON,CON,42,23,0,0,0,0,0,0,0,,,http://modgov.hillingdon.gov.uk/mgMemberIndex.aspx?FN=PARTY&VW=LIST&PIC=0,2017-11-10
243,Hounslow,L1,LC,60,LAB,LAB,11,48,0,0,0,0,0,1,0,,,http://democraticservices.hounslow.gov.uk/mgMemberIndex.aspx?FN=PARTY&VW=LIST&PIC=0,2017-11-10
244,Islington,L1,LC,48,LAB,LAB,0,47,0,1,0,0,0,0,0,,,http://democracy.islington.gov.uk/mgMemberIndex.aspx?bcr=1,2017-11-10
245,"Kensington & Chelsea",L1,LC,50,CON,CON,37,11,2,0,0,0,0,0,0,,,https://www.rbkc.gov.uk/committees/Members/tabid/62/ScreenMode/Alphabetical/Default.aspx,2017-11-10
246,"Kingston upon Thames",L1,LC,48,CON,CON,27,2,18,0,0,0,0,1,0,,,https://moderngov.kingston.gov.uk/mgMemberIndex.aspx,2017-11-10
247,Lambeth,L1,LC,63,LAB,LAB,3,58,0,1,0,0,0,1,0,,"Lead for Brixton 1, Independent Labour 1",https://moderngov.lambeth.gov.uk/mgMemberIndex.aspx?FN=PARTY&VW=LIST&PIC=0,2017-11-10
248,"Lewisham (M)",L1,MC,54,LAB,"LAB Mayor",0,53,0,1,0,0,0,0,0,,,http://councilmeetings.lewisham.gov.uk/mgMemberIndex.aspx?FN=PARTY&VW=LIST&PIC=0,2017-11-10
249,Merton,L1,LC,60,LAB,LAB,20,36,1,0,0,0,0,3,0,,"Merton Park Ward Independent Residents 3",http://democracy.merton.gov.uk/mgMemberIndex.aspx?bcr=1&FN=GROUPING&VW=LIST&PIC=0,2017-11-10
250,"Newham (M)",L1,MC,60,LAB,"LAB Mayor",0,59,0,0,0,0,0,1,0,,,https://mgov.newham.gov.uk/mgMemberIndex.aspx?FN=PARTY&VW=LIST&PIC=0,2017-11-10
251,Redbridge,L1,LC,63,LAB,LAB,24,36,3,0,0,0,0,0,0,,,http://moderngov.redbridge.gov.uk/mgFindMember.aspx?XXR=0&AC=USERSEARCH,2017-11-10
252,"Richmond upon Thames",L1,LC,54,CON,CON,38,1,15,0,0,0,0,0,0,,,https://cabnet.richmond.gov.uk/mgMemberIndex.aspx,2017-11-10
253,Southwark,L1,LC,63,LAB,LAB,2,48,13,0,0,0,0,0,0,,,http://moderngov.southwarksites.com/mgFindMember.aspx?XXR=0&AC=USERSEARCH&sPC=Enter%20postcode&,2017-11-10
254,Sutton,L1,LC,54,LD,LD,8,0,44,0,0,0,0,2,0,,,https://moderngov.sutton.gov.uk/mgMemberIndex.aspx?FN=PARTY&VW=LIST&PIC=0,2017-11-10
255,"Tower Hamlets (M)",L1,LC,45,NOC,"LAB Mayor",5,22,1,0,0,0,0,17,0,,"Independent group 9, Peoples Alliance of Tower Hamlets 5, Independents 3",http://democracy.towerhamlets.gov.uk/mgMemberIndex.aspx?bcr=1,2017-11-10
256,"Waltham Forest",L1,LC,60,LAB,LAB,16,43,0,0,0,0,0,1,0,,,http://walthamforest.moderngov.co.uk/mgFindMember.aspx?XXR=0&AC=USERSEARCH&sPC=Enter%20postcode,2017-11-10
257,Wandsworth,L1,LC,60,CON,CON,39,19,0,0,0,0,0,2,0,,"Wandsworth Independent Alliance 2",https://democracy.wandsworth.gov.uk/mgMemberIndex.aspx,2017-11-10
258,Westminster,L1,LC,60,CON,CON,45,15,0,0,0,0,0,0,0,,,http://committees.westminster.gov.uk/mgMemberIndex.aspx?bcr=11,2017-11-10
259,Birmingham,M1,LC,120,LAB,LAB,29,80,10,0,0,0,0,1,0,"101 wards from 2018","101 wards from 2018",https://www.birmingham.gov.uk/councillors/name,2017-11-10
260,"Doncaster (M)",M1,MC,55,LAB,"LAB Mayor",7,43,0,0,0,0,0,5,0,,"Mexborough First 3, Independent 1",http://doncaster.moderngov.co.uk/mgMemberIndex.aspx?FN=PARTY&VW=LIST&PIC=0,2017-11-10
261,Leeds,M1,LC,99,LAB,LAB,19,59,9,3,0,0,0,9,0,,"Morley Borough Independents 5, Garforth and Swillington Independents",http://democracy.leeds.gov.uk/mgMemberIndex.aspx?FN=PARTY&VW=LIST&PIC=0,2017-11-10
262,Manchester,M1,LC,96,LAB,LAB,0,95,1,0,0,0,0,0,0,,,http://www.manchester.gov.uk/site/custom_scripts/councillors/index.php?cllr-type=all,2017-11-13
263,"Newcastle upon Tyne",M1,LC,78,LAB,LAB,0,55,20,0,0,0,0,3,0,,,http://democracy.newcastle.gov.uk/mgFindMember.aspx?XXR=0&AC=USERSEARCH,2017-11-10
278,Rotherham,M1,LC,63,LAB,LAB,0,48,1,0,13,0,0,1,0,,,http://www.rotherham.gov.uk/councillors/name,2017-11-10
264,Barnsley,M3,LC,63,LAB,LAB,4,54,0,0,0,0,0,4,1,,"Barnsley Independent Group 4",http://barnsleymbc.moderngov.co.uk/mgMemberIndex.aspx?FN=PARTY&VW=LIST&PIC=0,2017-11-16
265,Bolton,M3,LC,60,LAB,LAB,16,37,1,0,4,0,0,1,1,,,http://democracy.bolton.gov.uk/cmis5/People.aspx,2017-11-16
266,Bradford,M3,LC,90,LAB,LAB,21,49,10,3,1,0,0,6,0,,"The Independents 2, Independents 3, Queensbury Ward Independents 2",https://bradford.moderngov.co.uk/mgMemberIndex.aspx?FN=ALPHA&VW=LIST&PIC=0,2017-11-10
267,Bury,M3,LC,51,LAB,LAB,16,32,3,0,0,0,0,0,0,,,https://councildecisions.bury.gov.uk/mgMemberIndex.aspx?FN=WARD&VW=LIST&PIC=0,2017-11-10
268,Calderdale,M3,LC,51,NOC,"LAB min",21,23,5,0,0,0,0,2,0,,,http://www.calderdale.gov.uk/council/councillors/councillors/search/browse.jsp,2017-11-10
269,Coventry,M3,LC,54,LAB,LAB,14,39,0,0,0,0,0,1,0,,,http://www.coventry.gov.uk/councillors/name,2017-11-10
270,Dudley,M3,LC,72,NOC,"CON min",29,35,0,0,8,0,0,0,0,,Manual,http://councillors.dudley.gov.uk/conservative/,2017-10-05
271,Gateshead,M3,LC,66,LAB,LAB,0,54,12,0,0,0,0,0,0,,,http://democracy.gateshead.gov.uk/mgMemberIndex.aspx?bcr=1,2017-11-13
272,Kirklees,M3,LC,69,NOC,"LAB min",20,33,9,3,0,0,0,4,0,,"Valley Independents 3",http://democracy.kirklees.gov.uk/mgFindMember.aspx?XXR=0&AC=USERSEARCH,2017-11-10
273,Knowsley,M3,LC,45,LAB,LAB,0,42,3,0,0,0,0,0,0,,,http://councillors.knowsley.gov.uk/mgMemberIndex.aspx?FN=PARTY&VW=LIST&PIC=0,2017-11-10
274,"Liverpool (M)",M3,MC,90,LAB,"LAB Mayor",0,80,4,4,0,0,0,2,0,,"Liberal Party 2",http://councillors.liverpool.gov.uk/mgMemberIndex.aspx?FN=PARTY&VW=LIST&PIC=0,2017-11-10
275,"North Tyneside",M3,MC,60,LAB,LAB,7,51,2,0,0,0,0,0,0,,,http://my.northtyneside.gov.uk/category/312/councillors,2017-11-10
276,Oldham,M3,LC,60,LAB,LAB,2,46,9,0,2,0,0,1,0,,"Phythian LAB ok",http://www.oldham.gov.uk/councillors/name,2017-11-14
277,Rochdale,M3,LC,60,LAB,LAB,10,48,2,0,0,0,0,0,0,,,http://democracy.rochdale.gov.uk/mgMemberIndex.aspx?FN=PARTY&VW=LIST&PIC=0,2017-11-10
279,"Salford (M)",M3,LC,60,LAB,"LAB Mayor",9,49,0,0,0,0,0,1,1,,,http://www.salford.gov.uk/your-council/councillors/councillors-by-name/,2017-11-10
280,Sandwell,M3,LC,72,LAB,LAB,0,67,0,0,0,0,0,5,0,,,https://cmis.sandwell.gov.uk/cmis5/People/tabid/62/ScreenMode/Alphabetical/Default.aspx,2017-11-10
281,Sefton,M3,LC,66,LAB,LAB,5,40,15,0,0,0,0,6,0,,"Formby Residents Action Group 2, Independent 2, Conservative Independent 1",http://modgov.sefton.gov.uk/moderngov/mgMemberIndex.aspx?FN=PARTY&VW=LIST&PIC=0,2017-11-13
282,Sheffield,M3,LC,84,LAB,LAB,0,56,20,4,4,0,0,0,0,,,http://sheffielddemocracy.moderngov.co.uk/mgFindMember.aspx?XXR=0&AC=USERSEARCH,2017-11-10
283,Solihull,M3,LC,51,CON,CON,31,1,6,10,2,0,0,1,0,,,http://eservices.solihull.gov.uk/mgInternet/mgMemberIndex.aspx?bcr=1,2017-11-10
284,"South Tyneside",M3,LC,54,LAB,LAB,0,53,0,0,0,0,0,1,0,,"Manual. Independent Putting People First 1",https://www.southtyneside.gov.uk/article/59877/Councillors,2017-11-13
285,"St Helens",M3,LC,48,LAB,LAB,3,42,3,0,0,0,0,0,0,,,http://moderngov.sthelens.gov.uk/mgMemberIndex.aspx?FN=PARTY&VW=LIST&PIC=0,2017-11-10
286,Stockport,M3,LC,63,NOC,"LAB min",14,23,21,0,0,0,0,5,0,,"Independent Ratepayers 3, Independent 2",http://democracy.stockport.gov.uk/mgMemberIndex.aspx?bcr=1,2017-11-10
287,Sunderland,M3,LC,75,LAB,LAB,6,65,2,0,0,0,0,1,1,,,http://www.sunderland.gov.uk/committees/cmis5/Members.aspx,2017-11-10
288,Tameside,M3,LC,57,LAB,LAB,6,51,0,0,0,0,0,0,0,,,http://public.tameside.gov.uk/forms/know_your_councillor.asp,2017-11-10
289,Trafford,M3,LC,63,CON,CON,33,26,3,0,0,0,0,1,0,,,https://democratic.trafford.gov.uk/mgMemberIndex.aspx?bcr=1,2017-11-10
290,Wakefield,M3,LC,63,LAB,LAB,7,53,0,0,1,0,0,2,0,,,http://mg.wakefield.gov.uk/mgMemberIndex.aspx?FN=ALPHA&VW=LIST&PIC=0,2017-11-24
291,Walsall,M3,LC,60,NOC,"LAB/LD min",25,28,2,0,2,0,0,3,0,,,https://cmispublic.walsall.gov.uk/cmis/Councillors.aspx,2017-11-13
292,Wigan,M3,LC,75,LAB,LAB,5,64,0,0,0,0,0,5,1,,"Wigan Independent Network 2, Standish Independent 2, Independent 1",http://democracy.wigan.gov.uk/mgMemberIndex.aspx?FN=PARTY&VW=LIST&PIC=0,2017-11-16
293,Wirral,M3,LC,66,LAB,LAB,21,38,5,1,0,0,0,0,1,,,http://democracy.wirral.gov.uk/mgMemberIndex.aspx?FN=PARTY&VW=LIST&PIC=0,2017-11-10
294,Wolverhampton,M3,LC,60,LAB,LAB,10,49,0,0,1,0,0,0,0,,,http://wolverhampton.moderngov.co.uk/mgMemberIndex.aspx?FN=ALPHA&VW=LIST&PIC=0,2017-11-10
1001,"Antrim and Newtownabbey",N1,,40,NOC,,0,0,0,0,0,0,0,1,0,,,http://www.antrimandnewtownabbey.gov.uk/Council/Your-Councillors?utm_source=PP&utm_medium=web&utm_campaign=Councillors&utm_content=9,2017-11-13
1002,"Armagh City, Banbridge and Craigavon",N1,,41,NOC,,0,0,0,0,0,0,0,3,0,,"UKIP 1, Independent 1",https://www.armaghbanbridgecraigavon.gov.uk/council/find-a-councillor/,2017-11-13
1003,Belfast,N1,,60,NOC,,0,0,0,1,0,0,0,6,0,,"People Before Profit Alliance 1, Independent 1",https://minutes3.belfastcity.gov.uk/mgMemberIndex.aspx?FN=PARTY&VW=LIST&PIC=0,2017-11-13
1004,"Causeway Coast and Glens",N1,,40,NOC,,0,0,0,0,0,0,0,2,0,,"Conservative 1, Independent 1",https://www.causewaycoastandglens.gov.uk/council/councillors,2017-11-13
1005,"Derry and Strabane",N1,,40,NOC,,0,0,0,0,0,0,0,7,0,,"Independent 7",http://meetings.derrycityandstrabanedistrict.com/mgMemberIndex.aspx?FN=PARTY&VW=LIST&PIC=0,2017-11-13
1006,"Fermanagh and Omagh",N1,,40,NOC,,0,0,0,0,0,0,0,4,0,,,http://www.fermanaghomagh.com/your-council/councillors/,2017-11-13
1007,"Lisburn and Castlereagh",N1,,40,NOC,,0,0,0,0,0,0,0,2,0,,,https://www.lisburncastlereagh.gov.uk/council/elected-members,2017-11-13
1008,"Mid and East Antrim",N1,,40,NOC,,0,0,0,0,0,0,0,5,0,,"UKIP 2, Independent 3",https://www.midandeastantrim.gov.uk/council/councillors,2017-11-13
1009,Mid-Ulster,N1,,40,NOC,,0,0,0,0,0,0,0,2,0,,,https://mid-ulster.cmis-ni.org/Midulster/Councillors.aspx,2017-11-13
1010,"Newry, Mourne and Down",N1,,41,NOC,,0,0,0,0,0,0,0,4,0,,,http://www.newrymournedown.org/elected_members#prettyPhoto,2017-11-13
1011,"North Down and Ards",N1,,40,NOC,,0,0,0,2,0,0,0,2,0,,,http://www.ardsandnorthdown.gov.uk/about-the-council/find-my-councillor/view-all,2017-11-13
295,Aberdeen,S1,,45,NOC,CON/LAB/IND,11,9,3,0,0,0,19,3,0,,"Independent Alliance Group 3",http://committees.aberdeencity.gov.uk/mgMemberIndex.aspx?FN=PARTY&VW=LIST&PIC=0,2017-11-10
296,Aberdeenshire,S1,,70,NOC,CON/LD/IND,23,1,14,1,0,0,21,10,0,,,http://committees.aberdeenshire.gov.uk/Committees.aspx?councillors=1,2017-11-10
297,Angus,S1,,28,NOC,CON/IND/LD,8,0,2,0,0,0,9,9,0,,,https://www.angus.gov.uk/councillors,2017-11-10
298,"Argyll & Bute",S1,,36,NOC,CON/LD/IND,9,0,6,0,0,0,11,10,0,,"Argyll First 3, Independents 18",https://www.argyll-bute.gov.uk/councillor_list,2017-11-10
299,Clackmannanshire,S1,,18,NOC,"SNP min",5,5,0,0,0,0,8,0,0,,,http://www.clacks.gov.uk/council/wards/,2017-11-10
300,"Dumfries & Galloway",S1,,43,NOC,LAB/SNP,16,11,1,0,0,0,11,4,0,,,http://egenda.dumgal.gov.uk/aksdumgal/users/public/admin/main.pl?op=ListCurrentMembers,2017-11-10
301,Dundee,S1,,29,NOC,SNP/IND,3,9,2,0,0,0,14,1,0,,,https://www.dundeecity.gov.uk/councillors/cllorsurname/,2017-11-10
302,"East Ayrshire",S1,,32,NOC,"SNP min",6,9,0,0,0,0,14,3,0,,,https://www.east-ayrshire.gov.uk/CouncilAndGovernment/About-the-Council/Councillors-and-Provost/YourCouncillor.aspx,2017-11-10
303,"East Dunbartonshire",S1,,22,NOC,"SNP min",6,2,6,0,0,0,7,1,0,,"Gary Pews LD ok.",https://www.eastdunbarton.gov.uk/council/committees-councillors/councillors-2017,2017-11-13
304,"East Lothian",S1,,22,NOC,"LAB min",7,9,0,0,0,0,6,0,0,,,http://www.eastlothian.gov.uk/councillors/name,2017-11-10
305,"East Renfrewshire",S1,,18,NOC,SNP/LAB,7,4,0,0,0,0,5,2,0,,,http://www.eastrenfrewshire.gov.uk/councillors-democracy,2017-11-10
306,Edinburgh,S1,,63,NOC,SNP/LAB,18,12,6,8,0,0,19,0,0,,,http://www.edinburgh.gov.uk/councillors/name,2017-11-10
307,"Eilean Siar",S1,,31,IND,IND,2,0,0,0,0,0,7,22,0,,,http://www.cne-siar.gov.uk/members/,2017-11-10
308,Falkirk,S1,,30,NOC,"SNP min",7,9,0,0,0,0,12,2,0,,,http://www.falkirk.gov.uk/services/council-democracy/councillors-decision-making/councillors/,2017-11-10
309,Fife,S1,,75,NOC,SNP/LAB,15,25,7,0,0,0,28,0,0,,,http://www.fifedirect.org.uk/news/index.cfm?fuseaction=cllr.home,2017-11-10
310,Glasgow,S1,,85,NOC,"SNP min",8,31,0,7,0,0,39,0,0,,,http://www.glasgow.gov.uk/councillorsandcommittees/allMembers.asp?sort=0&page=0&rec=78,2017-11-10
311,Highland,S1,,74,NOC,IND/LD/LAB,10,3,9,1,0,0,20,31,0,,"Highland Alliance 6",http://www.highland.gov.uk/councillors/name,2017-11-13
312,Inverclyde,S1,,22,NOC,"LAB min",2,8,1,0,0,0,6,5,0,,,http://www.inverclyde.gov.uk/meetings/councillors,2017-11-10
313,Midlothian,S1,,18,NOC,"LAB min",5,7,0,0,0,0,6,0,0,,,https://midlothian.cmis.uk.com/Live/Councillors.aspx,2017-11-10
314,Moray,S1,,26,NOC,CON/IND,9,1,0,0,0,0,9,7,0,,,http://www.moray.gov.uk/moray_standard/page_1247.html,2017-11-10
315,"North Ayrshire",S1,,33,NOC,"LAB min",7,11,0,0,0,0,11,4,0,,,https://north-ayrshire.cmis.uk.com/North-Ayrshire/-ayrshire.cmis.uk.com/north-ayrshire/Councillors/CurrentCouncillors/tabid/98/ScreenMode/Alphabetical/Default.aspx,2017-11-10
316,"North Lanarkshire",S1,,77,NOC,"LAB min",9,33,0,0,0,0,33,2,0,,"Cumbernauld Independent Councillors Alliance 1, Independents 15",https://mars.northlanarkshire.gov.uk/egenda/public/main.pl?op=ListCurrentMembers,2017-11-10
317,Orkney,S1,,21,IND,IND,0,0,0,0,0,0,0,21,0,,,http://www.orkney.gov.uk/Council/Councillors/councillor-profiles.htm,2017-11-10
318,"Perth & Kinross",S1,,40,NOC,CON/LD/IND,17,1,4,0,0,0,15,3,0,,,https://perth-and-kinross.cmis.uk.com/perth-and-kinross/Councillors/OverviewofCouncillors.aspx,2017-11-24
319,Renfrewshire,S1,,43,NOC,"SNP min",8,13,1,0,0,0,19,2,0,,,http://renfrewshire.cmis.uk.com/renfrewshire/Councillors.aspx,2017-11-10
320,"Scottish Borders",S1,,34,NOC,CON/IND,15,0,2,0,0,0,9,8,0,,,https://www.scotborders.gov.uk/councillors/name,2017-11-10
321,Shetland,S1,,22,IND,IND,0,0,0,0,0,0,1,21,0,,,http://www.shetland.gov.uk/about_your_councillors/,2017-11-10
322,"South Ayrshire",S1,,28,NOC,SNP/LAB/IND,12,5,0,0,0,0,9,2,0,,,http://www.south-ayrshire.gov.uk/councillors/all/,2017-11-10
323,"South Lanarkshire",S1,,64,NOC,"SNP min",14,19,1,0,0,0,25,5,0,,,http://www.southlanarkshire.gov.uk/councillors/name,2017-11-24
324,Stirling,S1,,23,NOC,SNP/LAB,8,4,0,1,0,0,9,1,0,,,http://my.stirling.gov.uk/councillors/index?theme=MyStirling,2017-11-10
325,"West Dunbartonshire",S1,,22,NOC,SNP/IND,2,8,0,0,0,0,10,2,0,,"Brian Walker ok.",http://www.west-dunbarton.gov.uk/council/councillors-and-committees/councillor/councillors-by-name/,2017-11-14
326,"West Lothian",S1,,33,NOC,"LAB min",7,12,0,0,0,0,13,1,0,,,https://www.westlothian.gov.uk/article/1956/Councillors-and-Wards,2017-11-10
327,"Bath and North East Somerset",U1,,65,CON,CON,37,6,16,1,0,0,0,5,0,,,https://democracy.bathnes.gov.uk/mgMemberIndex.aspx?FN=PARTY&VW=LIST&PIC=0,2017-11-10
328,"Bedford (M)",U1,,40,NOC,"LD Mayor",15,14,9,0,0,0,0,2,0,,,http://www.councillorsupport.bedford.gov.uk/mgFindMember.aspx?XXR=0&AC=USERSEARCH&sPC=Enter%20postcode&,2017-11-10
329,Blackpool,U1,,42,LAB,LAB,12,29,0,0,0,0,0,1,0,,,http://democracy.blackpool.gov.uk/mgMemberIndex.aspx?FN=ALPHA&VW=LIST&PIC=0,2017-11-13
330,Bournemouth,U1,,54,CON,CON,51,0,0,1,0,0,0,1,1,,,http://www.bournemouth.gov.uk/councildemocratic/Councillors/Councillors.aspx?CouncillorsListing_DisplayMode=Party,2017-11-10
331,"Bracknell Forest",U1,,42,CON,CON,41,1,0,0,0,0,0,0,0,,,http://democratic.bracknell-forest.gov.uk/mgMemberIndex.aspx?FN=PARTY&VW=LIST&PIC=0,2017-11-10
332,"Brighton & Hove",U1,,54,NOC,"LAB min",20,22,0,11,0,0,0,1,0,,,http://present.brighton-hove.gov.uk/mgMemberIndex.aspx?FN=PARTY&VW=LIST&PIC=0,2017-11-10
366,"Bristol (M)",U1,,70,LAB,"LAB Mayor",14,37,8,11,0,0,0,0,0,,,https://democracy.bristol.gov.uk/mgFindMember.aspx?XXR=0&AC=USERSEARCH,2017-11-13
333,"Central Bedfordshire",U1,,59,CON,CON,52,2,1,0,0,0,0,4,0,,,http://centralbeds.moderngov.co.uk/mgMemberIndex.aspx?bcr=1,2017-11-10
334,"Cheshire East",U1,,82,CON,CON,50,16,2,0,0,0,0,14,0,,"Sam Gardner CON->IND. Middlewich First 3, Handford Ratepayers Association 2, Nantwich First 2, Alderley Edge First 1, Bollington First 2, Independent 1, Residents of Wilmslow 1",http://moderngov.cheshireeast.gov.uk/ecminutes/mgMemberIndex.aspx?FN=PARTY&VW=LIST&PIC=0,2017-11-10
335,"Cheshire West & Chester",U1,,75,LAB,LAB,36,38,0,0,0,0,0,1,0,,,http://cmttpublic.cheshirewestandchester.gov.uk/mgMemberIndex.aspx?FN=PARTY&VW=LIST&PIC=0,2017-11-10
336,Cornwall,U1,LC,123,NOC,LD/IND,46,4,38,0,0,0,0,34,1,,"Mebyon Kernow 4",https://democracy.cornwall.gov.uk/mgMemberIndex.aspx?FN=PARTY&VW=LIST&PIC=0,2017-11-10
337,Darlington,U1,,50,LAB,LAB,16,29,3,0,0,0,0,2,0,,,http://www.darlington.gov.uk/your-council/democracy/councillors/,2017-11-17
338,Durham,U1,LC,126,LAB,LAB,10,74,14,0,0,0,0,28,0,,"Durham Independent Group 13, Durham County Council Independent Group 2, Independents 2",https://democracy.durham.gov.uk/mgMemberIndex.aspx?FN=PARTY&VW=LIST&PIC=0,2017-11-10
339,"East Riding of Yorkshire",U1,,67,CON,CON,48,6,3,0,3,0,0,7,0,,,http://www2.eastriding.gov.uk/council/councillors-and-members-of-parliament/councillor-finder/,2017-11-10
340,Herefordshire,U1,,53,CON,CON,28,0,2,4,0,0,0,19,0,,"It's Our County 10, Herefordshire Independents 7, Independent 1",http://councillors.herefordshire.gov.uk/mgMemberIndex.aspx?FN=PARTY&VW=LIST&PIC=0&J=2&zTS=undefined,2017-11-24
341,Hull,U1,,59,LAB,LAB,2,39,17,0,0,0,0,1,0,,,https://cmis.hullcc.gov.uk/cmis/YourCouncillors/Councillors.aspx,2017-11-10
342,"Isle of Wight",U1,LC,40,CON,CON,25,1,2,1,0,0,0,11,0,,,https://www.iwight.com/councillor/azCouncillors.aspx,2017-11-10
343,"Leicester (M)",U1,,54,LAB,"LAB Mayor",1,52,1,0,0,0,0,0,0,,,http://www.cabinet.leicester.gov.uk/mgMemberIndex.aspx?FN=ALPHA&VW=LIST&PIC=0,2017-11-24
344,Luton,U1,,48,LAB,LAB,5,34,8,0,0,0,0,1,0,,,http://democracy.luton.gov.uk/cmis5public/Councillors.aspx,2017-11-10
345,Medway,U1,,55,CON,CON,38,15,0,0,2,0,0,0,0,,,https://democracy.medway.gov.uk/mgMemberIndex.aspx?FN=PARTY&VW=LIST&PIC=0,2017-11-10
346,"Middlesbrough (M)",U1,,46,LAB,"LAB Mayor",5,31,0,0,0,0,0,10,0,,,https://www.middlesbrough.gov.uk/mayor-council-and-councillors/councillors-and-council-meetings/councillors,2017-11-10
347,"North Lincolnshire",U1,,43,CON,CON,26,17,0,0,0,0,0,0,0,,,http://www.northlincs.gov.uk/your-council/have-your-say/councillors-and-mps/councillors/,2017-11-10
348,"North Somerset",U1,,50,CON,CON,36,4,4,1,0,0,0,5,0,,,http://www.n-somerset.gov.uk/my-council/councillors/councillor/find-your-councillors/list-of-councillors/,2017-11-10
349,Northumberland,U1,LC,67,NOC,"CON min",33,24,3,0,0,0,0,7,0,,,http://committee.northumberland.gov.uk/CouncillorSearch.aspx,2017-11-10
350,Nottingham,U1,,55,LAB,LAB,3,51,0,0,0,0,0,1,0,,,http://www.nottinghamcity.gov.uk/about-the-council/councillors-and-leadership/find-a-councillor/,2017-11-13
351,Poole,U1,,42,CON,CON,29,0,7,0,1,0,0,5,0,,,http://www.poole.gov.uk/your-council/councillors/meet-your-councillor/,2017-11-10
352,"Redcar & Cleveland",U1,,59,NOC,"LAB min",10,28,11,0,0,0,0,10,0,,"Dowson ok",http://www.redcar-cleveland.gov.uk/Councill1.nsf/Councillors?ReadForm=&search=parties&select=All+Parties,2017-11-10
353,Rutland,U1,,26,CON,CON,18,0,1,0,0,0,0,7,0,,,http://rutlandcounty.moderngov.co.uk/mgMemberIndex.aspx?FN=PARTY&VW=LIST&PIC=0,2017-11-10
354,Shropshire,U1,LC,74,CON,CON,49,8,12,0,0,0,0,5,0,,,http://shropshire.gov.uk/committee-services/mgMemberIndex.aspx?FN=PARTY,2017-11-10
355,"South Gloucestershire",U1,CO,70,CON,CON,40,14,16,0,0,0,0,0,0,,,https://council.southglos.gov.uk/mgMemberIndex.aspx?FN=PARTY&VW=LIST&PIC=0,2017-11-10
356,Stockton-on-Tees,U1,,56,LAB,LAB,12,30,1,0,0,0,0,13,0,,"Ingleby Barwick Independent Society 5, Thornaby Independent Association 3, Independents 2, West Words 2 (4x non-matches as some wards not given)",http://www.egenda.stockton.gov.uk/aksstockton/users/public/admin/main.pl?op=ListCurrentMembers,2017-11-24
357,Stoke-on-Trent,U1,,44,NOC,IND/CON/UKIP,7,20,0,0,1,0,0,16,0,,"City Independents 16",http://www.moderngov.stoke.gov.uk/mgMemberIndex.aspx?FN=PARTY&VW=LIST&PIC=0,2017-11-10
358,"Telford & Wrekin",U1,,54,LAB,LAB,21,28,3,0,0,0,0,2,0,,,http://apps.telford.gov.uk/CouncilAndDemocracy/Councillors?page=1,2017-11-10
359,"Torbay (M)",U1,,36,CON,"CON Mayor",20,0,7,0,0,0,0,8,1,,"Mayors Executive Gp 4",http://www.torbay.gov.uk/DemocraticServices/mgMemberIndex.aspx?FN=PARTY&VW=LIST&PIC=0,2017-11-10
360,Warrington,U1,LC,58,LAB,LAB,2,45,11,0,0,0,0,0,0,,,https://www.warrington.gov.uk/councillors/name,2017-11-10
361,"West Berkshire",U1,,52,CON,CON,48,0,4,0,0,0,0,0,0,,,http://decisionmaking.westberks.gov.uk/mgMemberIndex.aspx?VW=TABLE&PIC=1&FN=ALPHA,2017-11-10
362,Wiltshire,U1,,98,CON,CON,68,3,20,0,0,0,0,7,0,,,http://cms.wiltshire.gov.uk/mgMemberIndex.aspx?FN=PARTY&VW=LIST&PIC=0,2017-11-10
363,"Windsor & Maidenhead",U1,,57,CON,CON,51,0,1,0,0,0,0,5,0,,"Old Windsor Residents' Association 2",http://rbwm.moderngov.co.uk/mgMemberIndex.aspx?FN=PARTY&VW=LIST&PIC=0,2017-11-10
364,York,U1,,47,NOC,CON/LD,14,15,12,4,0,0,0,2,0,,,http://democracy.york.gov.uk/mgMemberIndex.aspx,2017-11-13
365,"Blackburn with Darwen",U3,,64,LAB,LAB,17,44,3,0,0,0,0,0,0,,"Julie Daley CON ok",http://blackburn.cmis.uk.com/blackburn/Councillors.aspx,2017-11-14
367,Derby,U3,,51,LAB,LAB,18,26,5,0,2,0,0,0,0,,,https://cmis.derby.gov.uk/cmis5/Councillors/tabid/62/ScreenMode/Alphabetical/Default.aspx,2017-11-10
368,Halton,U3,,56,LAB,LAB,2,52,2,0,0,0,0,0,0,,,http://councillors.halton.gov.uk/mgMemberIndex.aspx?FN=ALPHA&VW=LIST&PIC=0,2017-11-10
369,Hartlepool,U3,,33,LAB,LAB,3,19,0,0,6,0,0,5,0,,"Mike McLaughlin ok. Independents 3, Putting Hartlepool First 2",https://www.hartlepool.gov.uk/councillors/name,2017-11-17
370,"Milton Keynes",U3,,57,NOC,"LAB min",21,22,13,0,0,0,0,0,1,,,http://milton-keynes.cmis.uk.com/milton-keynes/Councillors.aspx,2017-11-10
371,"North East Lincolnshire",U3,,42,NOC,"LAB min",15,18,4,0,3,0,0,2,0,,,https://www.nelincs.gov.uk/councillors-and-democracy/councillors-mps-meps/councillors-by-party/,2017-11-10
372,Peterborough,U3,,60,NOC,"CON min",30,16,6,0,2,0,0,6,0,,"Liberal Party 3, Werrington First 3, Independent 1",http://democracy.peterborough.gov.uk/mgMemberIndex.aspx?FN=PARTY&VW=LIST&PIC=0,2017-11-10
373,Plymouth,U3,,57,CON,CON,30,27,0,0,0,0,0,0,0,,,http://web.plymouth.gov.uk/modgov?modgovlink=http://democracy.plymouth.gov.uk/mgMemberIndex.aspx,2017-11-10
374,Portsmouth,U3,,42,NOC,"CON min",21,2,15,0,2,0,0,2,0,,,http://democracy.portsmouth.gov.uk/mgMemberIndex.aspx?FN=PARTY&VW=LIST&PIC=0,2017-11-22
375,Reading,U3,,46,LAB,LAB,10,31,2,3,0,0,0,0,0,,Manual,http://www.reading.gov.uk/cllrdavidabsolom,2017-10-05
376,Slough,U3,,42,LAB,LAB,8,33,0,0,1,0,0,0,0,,,http://www.slough.gov.uk/moderngov/mgMemberIndex.aspx?FN=PARTY&VW=LIST&PIC=0,2017-11-10
377,Southampton,U3,,48,LAB,LAB,19,25,0,0,0,0,0,4,0,,"Putting People First 3, Independent 1",http://www.southampton.gov.uk/modernGov/mgMemberIndex.aspx?bcr=1,2017-11-10
378,Southend-on-Sea,U3,,51,CON,CON,28,9,2,0,0,0,0,12,0,,"Independent Group 9, Southend Independence Group 3, non-aligned Independent 1",http://democracy.southend.gov.uk/mgMemberIndex.aspx?FN=PARTY&VW=LIST&PIC=0,2017-11-10
379,Swindon,U3,,57,CON,CON,30,25,2,0,0,0,0,0,0,,,http://ww5.swindon.gov.uk/moderngov/mgMemberIndex.aspx?FN=PARTY&VW=LIST&PIC=0&J=2,2017-11-10
380,Thurrock,U3,,49,NOC,"CON min",18,14,0,0,17,0,0,0,0,,,https://www.thurrock.gov.uk/current-councillors,2017-11-10
381,Wokingham,U3,,54,CON,CON,45,1,7,0,0,0,0,1,0,,,http://wokingham.moderngov.co.uk/mgMemberIndex.aspx?FN=PARTY&VW=LIST&PIC=0,2017-11-10
382,"Blaenau Gwent",W1,,41,IND,IND,0,12,0,0,0,1,0,28,0,,"Wayne Hodgins IND ok",https://www.blaenau-gwent.gov.uk/council/councillors-committees/councillor-directory/?L=0,2017-11-13
383,Bridgend,W1,,54,NOC,"LAB min",8,26,1,0,0,3,0,16,0,,"Ken Watts IND",https://democratic.bridgend.gov.uk/mgMemberIndex.aspx?FN=ALPHA&VW=TABLE&PIC=1,2017-11-14
384,Caerphilly,W1,,73,LAB,LAB,0,50,0,0,0,18,0,5,0,,,http://www.democracy.caerphilly.gov.uk/mgMemberIndex.aspx?VW=TABLE&PIC=1&FN=,2017-11-10
385,Cardiff,W1,,75,LAB,LAB,20,40,11,0,0,3,0,1,0,,,http://cardiff.moderngov.co.uk/mgMemberIndex.aspx?FN=PARTY&VW=LIST&PIC=0,2017-11-10
386,Carmarthenshire,W1,,74,NOC,PC/IND,0,22,0,0,0,36,0,16,0,,,http://democracy.carmarthenshire.gov.wales/mgMemberIndex.aspx?FN=PARTY&VW=LIST&PIC=0,2017-11-10
387,Ceredigion,W1,,42,NOC,PC/IND,0,0,8,0,0,20,0,14,0,,,https://www.ceredigion.gov.uk/English/Your-Council/Councillors-Committees/Councillors/Pages/default.aspx,2017-11-10
388,Conwy,W1,,59,NOC,CON/IND,16,8,4,0,0,7,0,24,0,,"Conwy First 15, Independents 5",http://modgoveng.conwy.gov.uk/mgMemberIndex.aspx?FN=WARD&VW=LIST&PIC=0,2017-11-10
389,Denbighshire,W1,,47,NOC,CON/PC/IND,15,13,0,0,0,9,0,10,0,,,https://moderngov.denbighshire.gov.uk/mgMemberIndex.aspx?FN=PARTY&VW=LIST&PIC=0&LLL=0,2017-11-10
390,Flintshire,W1,,70,NOC,"LAB min",6,34,5,0,0,0,0,25,0,,"Independent Alliance 9, New Independets 6, Independents 6",http://cyfarfodyddpwyllgor.siryfflint.gov.uk/mgMemberIndex.aspx?FN=GROUPING&VW=LIST&PIC=0&LLL=1,2017-11-10
391,Gwynedd,W1,,75,PC,PC,0,1,1,0,0,41,0,32,0,,"Llais Gwynedd 7, Independent Group 21, Independent 1",https://democracy.cyngor.gwynedd.gov.uk/mgMemberIndex.aspx?FN=PARTY&VW=LIST&PIC=0,2017-11-10
392,"Isle of Anglesey",W1,,30,NOC,PC/IND,0,2,1,0,0,14,0,13,0,,"Revolutionist Group 2, Independent Group 10, Independents 2. Aled Jones is LD in Ind Gp.",http://democracy.anglesey.gov.uk/mgMemberIndex.aspx?FN=PARTY&VW=LIST&PIC=0&LLL=0,2017-11-10
393,"Merthyr Tydfil",W1,,33,IND,IND,0,15,0,0,0,0,0,18,0,,,http://democracy.merthyr.gov.uk/mgMemberIndex.aspx?VW=TABLE&PIC=1&FN=PARTY,2017-11-10
394,Monmouthshire,W1,,43,CON,CON,25,10,3,0,0,0,0,5,0,,,https://democracy.monmouthshire.gov.uk/mgMemberIndex.aspx?bcr=1,2017-11-10
395,"Neath Port Talbot",W1,,64,LAB,LAB,0,43,1,0,0,15,0,5,0,,,https://democracy.npt.gov.uk/mgMemberIndex.aspx?VW=TABLE&PIC=1&FN=PARTY,2017-11-24
396,Newport,W1,,50,LAB,LAB,12,31,2,0,0,0,0,5,0,,,https://democracy.newport.gov.uk/mgFindMember.aspx?XXR=0&AC=USERSEARCH,2017-11-10
397,Pembrokeshire,W1,,60,IND,IND,11,7,1,0,0,6,0,35,0,,,http://mgenglish.pembrokeshire.gov.uk/mgMemberIndex.aspx?bcr=1,2017-11-10
398,Powys,W1,,73,NOC,IND/CON,20,7,13,1,0,2,0,30,0,,"Powys Independent Alliance 20, Independent Group 10, Non-political Group 9, Non-aligned 5, Independent Conservative 1",http://powys.moderngov.co.uk/mgMemberIndex.aspx?FN=PARTY&VW=LIST&PIC=0,2017-11-10
399,"Rhondda Cynon Taff",W1,,75,LAB,LAB,4,47,1,0,0,18,0,5,0,,,http://www.rctcbc.gov.uk/EN/Council/CouncillorsCommitteesandMeetings/Councillors/Councillors.aspx?CouncillorsListing_DisplayMode=Party,2017-11-13
400,Swansea,W1,,72,LAB,LAB,9,48,7,0,0,0,0,8,0,,,http://democracy.swansea.gov.uk/mgMemberIndex.aspx?bcr=1&LLL=0?Lang=eng,2017-11-10
401,Torfaen,W1,,44,LAB,LAB,4,29,0,0,0,0,0,10,1,,,http://moderngov.torfaen.gov.uk/mgFindMember.aspx?XXR=0&AC=USERSEARCH,2017-11-10
402,"Vale of Glamorgan",W1,,47,NOC,CON/IND,23,14,0,0,0,4,0,6,0,,,http://www.valeofglamorgan.gov.uk/en/our_council/Council-Structure/councillors/Councillor-Search.aspx,2017-11-10
403,Wrexham,W1,,52,NOC,IND/LAB/CON/PC/LD,9,12,2,0,0,3,0,26,0,,,http://moderngov.wrexham.gov.uk/mgMemberIndex.aspx?FN=GROUPING&VW=LIST&PIC=0&LLL=undefined,2017-11-10
